element_id,element_uuid,wall_code,code,group,label_es_mx,render_as,x_mm,y_mm,width_mm,height_mm,depth_mm,point_x_mm,point_y_mm,swing,derived_fields,global_x_mm,global_y_mm,global_z_mm,color_hex,opacity,notes
A-RF-01,00000004-0000-4000-8000-000000000001,A,RF,APPLIANCE,Refrigerador,ENVELOPE,0,0,900,1800,700,,,,,0,0,0,#26A69A,0.35,
A-CT-01,00000004-0000-4000-8000-000000000002,A,CT,SERVICE,Contacto eléctrico,MARKER,1460,1160,80,80,25,1500,1200,,,1460,0,1160,#E53935,1,
B-HO-01,00000004-0000-4000-8000-000000000003,B,HO,APPLIANCE,Horno,ENVELOPE,0,0,600,2100,600,,,,,2200,0,0,#26A69A,0.35,
B-LV-01,00000004-0000-4000-8000-000000000004,B,LV,APPLIANCE,Lavavajillas,ENVELOPE,1300,0,600,860,600,,,,,2200,-1300,0,#26A69A,0.35,
B-V-01,00000004-0000-4000-8000-000000000005,B,V,OPENING,Ventana,OPENING,1700,1100,1400,1000,150,,,,,2200,-1700,1100,#4FA3E0,0.5,
B-TJ-01,00000004-0000-4000-8000-000000000006,B,TJ,APPLIANCE,Tarja (espacio),ENVELOPE,1900,0,900,900,600,,,,,2200,-1900,0,#26A69A,0.35,
B-TA-01,00000004-0000-4000-8000-000000000007,B,TA,SERVICE,Toma de agua,MARKER,2310,460,80,80,25,2350,500,,,2200,-2310,460,#1E88E5,1,
B-DR-01,00000004-0000-4000-8000-000000000008,B,DR,SERVICE,Drenaje,MARKER,2410,360,80,80,25,2450,400,,,2200,-2410,360,#6D4C41,1,
C-CA-01,00000004-0000-4000-8000-000000000009,C,CA,APPLIANCE,Campana,ENVELOPE,780,1600,800,450,500,,,,,1420,-3200,1600,#26A69A,0.35,
C-PA-01,00000004-0000-4000-8000-000000000010,C,PA,APPLIANCE,Parrilla,ENVELOPE,800,900,760,50,520,,,,,1400,-3200,900,#26A69A,0.35,
C-GS-01,00000004-0000-4000-8000-000000000011,C,GS,SERVICE,Toma de gas,MARKER,1110,560,80,80,25,1150,600,,,1090,-3200,560,#FBC02D,1,
C-CE-01,00000004-0000-4000-8000-000000000012,C,CE,SERVICE,Salida de extracción,MARKER,1140,2260,80,80,25,1180,2300,,,1060,-3200,2260,#8E24AA,1,
C-MW-01,00000004-0000-4000-8000-000000000013,C,MW,APPLIANCE,Microondas,ENVELOPE,1700,1400,500,300,400,,,,,500,-3200,1400,#26A69A,0.35,
